Id,TitleId,RealName,CharacterName,Role
201,47,Taylor Stracke,Casey Rogahn,Producer
202,8,Anika Collins,Rubie Champlin,Cinematographer
203,96,Regan Hayes,Orin Hilll,Actor
204,100,Patricia Schmidt,Della McCullough,Costume Designer
205,24,Isabell Wiegand,Omari Wiegand,Actress
206,98,Tracey Cremin,Ransom Schulist,Costume Designer
207,20,Tony Kassulke,Angelina Hoeger,Film Editor
208,18,Bridgette Casper,Vivian Cremin,Actor
209,26,Blaze Marvin,Demetrius Medhurst,Cinematographer
210,94,Jadyn Bergstrom,Berenice Breitenberg,Cinematographer
211,110,Melba Hagenes,Hassie Wintheiser,Production Designer
212,78,Ofelia Abbott,May Schneider,Screenwriter
213,1,Gerry Metz,Madalyn Heller,Producer
214,130,Torrey McCullough,Pattie Nader,Producer
215,45,Braden Grant,Pascale Lowe,Actress
216,91,Luther Rowe,Velma Lang,Cinematographer
217,63,Maynard Wisozk,Haylie Bosco,Actress
218,169,Sharon Littel,Sven Paucek,Music Composer
219,184,Kayley Rogahn,Frieda Ferry,Cinematographer
220,109,Katrina Sporer,Selena Kuhlman,Producer
221,34,Easton McGlynn,Pierce Quitzon,Director
222,22,Stella Marquardt,Hillard Hayes,Costume Designer
223,71,Carolanne Jakubowski,Monty Braun,Screenwriter
224,192,Audreanne Schroeder,Rashawn Tillman,Actress
225,35,Chyna Collier,Jayme Monahan,Actress
226,42,Era Corkery,Retta DuBuque,Director
227,100,Mabel Cronin,Alycia Kulas,Producer
228,2,Enrique Roberts,Doris Crist,Actor
229,11,Daisy Reilly,Norberto Tromp,Music Composer
230,177,Hans Hauck,Marietta Harber,Production Designer
231,18,Danny Haag,Micah Prohaska,Actress
232,51,Jena Cummings,Nyasia Homenick,Music Composer
233,35,Broderick Yundt,Muhammad Gleichner,Actress
234,28,Audreanne Kiehn,Alanis Weissnat,Screenwriter
235,100,Weldon Moore,Jarvis Kub,Actor
236,185,Alfreda Torphy,Lionel Ryan,Music Composer
237,73,Lorena Legros,Fausto Altenwerth,Actress
238,65,Kaleb Bashirian,Reece Parker,Cinematographer
239,103,Walter Gutkowski,Caleb Ruecker,Film Editor
240,26,Paula Gottlieb,Paris Mertz,Actress
241,163,Kacey Considine,Talia Torp,Film Editor
242,18,Arianna Ward,Ezra Collier,Screenwriter
243,136,Lee Vandervort,Noe Bradtke,Costume Designer
244,47,Quinn Johns,Otilia Kautzer,Actor
245,79,Noble Schinner,Eduardo Durgan,Director
246,127,Webster Gerhold,Janessa Hermann,Production Designer
247,186,Clark Marks,Julianne Miller,Film Editor
248,192,Noe Grant,Bailey Heidenreich,Actor
249,192,Cameron Volkman,Melyna Wilderman,Screenwriter
250,55,Maggie Runolfsson,Granville Braun,Director
251,177,Dannie Stanton,Trystan Weissnat,Director
252,140,Amir O'Reilly,Johnny Mertz,Screenwriter
253,176,Vada Stark,Reymundo Goyette,Producer
254,37,Lee Schultz,Dan Glover,Director
255,117,Hobart Heller,Simeon Willms,Film Editor
256,64,Fern Spinka,Jaclyn Padberg,Cinematographer
257,25,Gabriella Quitzon,Kaia Ebert,Director
258,66,Gustave Bechtelar,Mercedes Bergstrom,Music Composer
259,131,Leonora Rutherford,Dariana Dooley,Music Composer
260,114,Carolyne Keebler,Kamron Daugherty,Actor
261,143,Gregoria Boyle,Kathryne Goodwin,Director
262,97,Abe Gusikowski,Deborah Skiles,Screenwriter
263,93,Jeff Watsica,Osvaldo Kuhn,Producer
264,19,Dewitt Rogahn,Hyman Considine,Actor
265,160,Destini Goyette,Beverly Little,Costume Designer
266,172,Matteo Olson,Jedidiah Bergstrom,Cinematographer
267,84,Margarete Morissette,Telly Gleason,Production Designer
268,89,Lela VonRueden,Freddie Hilpert,Film Editor
269,169,Kaitlyn Romaguera,Fleta Altenwerth,Cinematographer
270,58,Kameron Stroman,Lacey Ruecker,Director
271,173,Alphonso Bashirian,Guadalupe O'Conner,Music Composer
272,145,Kurt Rolfson,Ona Windler,Production Designer
273,161,Felipe Ledner,Rhett Thompson,Costume Designer
274,176,August Lang,Larue Moore,Director
275,200,Ramona Torp,Michel Pfeffer,Screenwriter
276,11,Margarett D'Amore,Emmitt Mante,Director
277,94,Aracely Waters,Elwyn Luettgen,Actor
278,158,Jazmin Lueilwitz,Russ Terry,Actress
279,143,Autumn Marks,Danial Jones,Producer
280,153,Rick Homenick,Mckenzie Jacobs,Screenwriter
281,18,Harrison Bednar,Lexie Schmitt,Film Editor
282,140,Clark Gottlieb,Marilyne Robel,Producer
283,140,Demetris Wisozk,Brannon Schmidt,Production Designer
284,5,Neva Schulist,Jessyca Pagac,Costume Designer
285,18,Demarcus Stokes,Billy Conn,Actor
286,69,Jarret Waters,Mariane Witting,Screenwriter
287,27,John Torp,Jerel Yost,Director
288,63,Pansy Koelpin,Cristopher Schaden,Production Designer
289,186,Bernadine Pfannerstill,Providenci Lind,Actor
290,114,Gilbert Zboncak,Randi Feeney,Film Editor
291,192,Kyleigh Wehner,Jalen Konopelski,Costume Designer
292,120,Princess Marvin,Marques Goyette,Director
293,196,Sonya Kris,Ocie Gerhold,Screenwriter
294,130,Edwardo Glover,Tiana Mayert,Director
295,69,Mariam Bernier,Demarcus Barrows,Producer
296,85,Adella Wyman,Brannon Hilpert,Actress
297,7,Lulu Crist,Tod Spencer,Costume Designer
298,184,Mattie Barrows,Alexandro Price,Producer
299,195,Annette Marvin,Amiya Kiehn,Film Editor
300,157,Ezequiel McDermott,Angelita Goldner,Screenwriter
301,25,Warren Koelpin,Ericka Metz,Cinematographer
302,96,Yasmin Hauck,Kacey Leuschke,Director
303,200,Davin Hackett,Harmon Hackett,Music Composer
304,11,Willy Moore,Cornell Stehr,Producer
305,180,Jamie Bernier,Raleigh Gottlieb,Production Designer
306,65,Arlo Erdman,Edmond Kuhn,Production Designer
307,181,Toni Funk,Tessie Moen,Screenwriter
308,62,Toy Ritchie,Herminio Wiegand,Costume Designer
309,61,Layla Lynch,Sally Runolfsson,Cinematographer
310,110,Payton West,Laura Bartoletti,Actor
311,21,Annetta Wilderman,Darius Ernser,Production Designer
312,23,Adan Schumm,Caesar Pfannerstill,Film Editor
313,70,Marshall Ondricka,Raheem Nienow,Production Designer
314,95,Linnea Hettinger,Krystel Toy,Production Designer
315,63,Kendrick O'Reilly,Tressa Mueller,Production Designer
316,161,Jarret Runolfsdottir,Aaron Cassin,Production Designer
317,97,Darrin Marks,Jarred Beier,Screenwriter
318,73,Earnest Graham,Hollie Marks,Cinematographer
319,28,Jennie Hyatt,Shad Cremin,Costume Designer
320,182,Norwood Keeling,Creola Grady,Producer
321,10,Katharina Waelchi,Gilda Will,Costume Designer
322,115,Gustave Ferry,Eve Kiehn,Director
323,177,Mariano Von,Harmon Schultz,Actress
324,53,Lenore Anderson,Korbin Reinger,Director
325,153,Amir Christiansen,Verda Crooks,Actress
326,139,Garnet Langworth,Casimer O'Kon,Director
327,186,Lupe Jacobi,Ervin Morar,Music Composer
328,61,Camryn Weber,Rowena Swaniawski,Film Editor
329,24,Selmer Schaden,Vanessa Runolfsdottir,Music Composer
330,191,Lacey Legros,Juwan Gislason,Actor
331,6,Elvis Boehm,Alvena Torphy,Cinematographer
332,39,Dudley Wilkinson,Jammie Yundt,Producer
333,159,Destin Stokes,Willow Swaniawski,Cinematographer
334,4,Olaf Quitzon,Faye Lebsack,Actor
335,100,Timmy Schultz,Maud Frami,Actor
336,4,Toni Boyer,Rubie Kilback,Music Composer
337,170,Cordie O'Reilly,Bridget Halvorson,Producer
338,76,Michele Corkery,Gregorio Kovacek,Costume Designer
339,184,Aliyah Haag,Chauncey King,Music Composer
340,133,Erika Turner,Gerardo Mayert,Costume Designer
341,139,Ashleigh Corkery,Kade McCullough,Cinematographer
342,18,Joanie Wunsch,Robyn Carter,Music Composer
343,46,Willy Bayer,Lauren Kshlerin,Cinematographer
344,67,Chyna Mayert,Jasper Kshlerin,Actor
345,194,Ervin Corwin,Arch Schumm,Screenwriter
346,107,Yasmin Kuhn,Osborne Frami,Film Editor
347,118,Rita Strosin,Kristofer Ward,Producer
348,194,Evans Johns,Paxton DuBuque,Actress
349,187,Amber Jakubowski,Junior Boyle,Director
350,172,Gayle Hayes,Marilyne Robel,Director
351,120,Alize DuBuque,Arno Oberbrunner,Production Designer
352,121,Kellen Connelly,Sharon Bartell,Film Editor
353,28,Yasmin Kreiger,Loma Crooks,Music Composer
354,84,Nathaniel Blick,Cicero Ziemann,Actor
355,68,Julie O'Reilly,Priscilla Keebler,Director
356,155,Dock Hessel,Donato Stanton,Production Designer
357,141,Henri Bosco,Jasen Bashirian,Cinematographer
358,63,Jay Volkman,Hettie O'Connell,Producer
359,115,Leatha Stiedemann,Lera Streich,Actress
360,73,Maribel Jacobs,Emilie Little,Music Composer
361,132,Sterling Adams,Jodie Gerhold,Director
362,19,Albin Emmerich,Gwen Toy,Producer
363,52,Helga Nienow,Colin Ernser,Costume Designer
364,74,Rick Schoen,Marlin Mayer,Actor
365,28,Laisha Metz,Celestine Gusikowski,Actor
366,163,Eliza Koelpin,Myrtie Beahan,Actress
367,24,Roberta Schinner,Shany Hackett,Film Editor
368,96,Tomas Wolf,Angelita Heaney,Music Composer
369,96,Abby Huels,Adam Bernier,Music Composer
370,2,Dashawn Kuhlman,Sonya Collier,Costume Designer
371,164,Rebecca Tillman,Asia Schuster,Film Editor
372,72,Ricardo Lesch,Carroll Beier,Screenwriter
373,175,Chelsea Rutherford,Calista Runolfsson,Production Designer
374,42,Elise Bruen,Jeffrey Mueller,Producer
375,61,Stanley Green,Vincenza Steuber,Music Composer
376,40,Morris McGlynn,Kyla Reynolds,Producer
377,184,Ova Moen,Reynold Bartoletti,Screenwriter
378,125,Leda Hickle,Kris Connelly,Production Designer
379,34,Valentin Nader,Jocelyn Dare,Producer
380,111,Jerrod Mertz,Bennie Deckow,Costume Designer
381,66,Salvatore Ratke,Raphael MacGyver,Music Composer
382,192,Jadyn Lockman,Tanya McDermott,Music Composer
383,125,Cleo Ferry,Niko Schiller,Screenwriter
384,12,Elna Greenfelder,Danial Ullrich,Director
385,20,Elwin Dickinson,Jackie Bernhard,Cinematographer
386,54,Rowena Aufderhar,Herman Auer,Costume Designer
387,165,Jacques Rath,Rosemarie DuBuque,Director
388,28,Hope Torp,Ferne Hauck,Production Designer
389,77,Marcellus McKenzie,Ambrose Mante,Costume Designer
390,157,Faye Boehm,Hettie Langosh,Producer
391,198,Kristopher Koepp,Elmira Rutherford,Music Composer
392,137,Shirley Swift,Gustave Mueller,Screenwriter
393,197,Jasmin Heller,Obie Lebsack,Screenwriter
394,3,Javon Koss,Louvenia Stehr,Production Designer
395,4,Tate Nienow,Barry Roob,Producer
396,181,Ray Williamson,Dejuan Kohler,Screenwriter
397,88,Tierra Beer,Joseph Orn,Actor
398,69,Ulices Collier,Melissa Hayes,Music Composer
399,84,Nina Schmitt,Norris Emard,Screenwriter
400,20,Mike Roob,Verda Wolf,Cinematographer
401,13,Nicholaus Kessler,Kris Donnelly,Production Designer
402,186,Carissa Renner,Leo Cremin,Producer
403,40,Jada Ortiz,Dewayne Koss,Production Designer
404,129,Jaquelin Funk,Amalia Nicolas,Actor
405,20,Alverta Maggio,Delfina Volkman,Actor
406,24,Kris Heidenreich,Geo Pfannerstill,Film Editor
407,57,Lizeth Willms,Nathanael Koepp,Director
408,149,Ashley Cormier,Mathias McDermott,Actress
409,47,Lonzo Reilly,Dale Moore,Cinematographer
410,22,Lucious Nader,Bryon Adams,Film Editor
411,1,Bobby Glover,Adelia Kiehn,Film Editor
412,34,Wyman Rice,Della Hermiston,Screenwriter
413,142,Murl Tromp,Allen Lehner,Actor
414,156,Georgette Stiedemann,Reid Rempel,Production Designer
415,129,Hertha Ullrich,Darlene Buckridge,Film Editor
416,173,Myrl Donnelly,Noah Ankunding,Film Editor
417,24,Theodore Kihn,Cleo Stracke,Screenwriter
418,113,Shanna Lind,Guy Stiedemann,Cinematographer
419,127,Maybell Stroman,Marcel Denesik,Director
420,23,Ashleigh Legros,Rey Auer,Music Composer
421,50,Angelina Pfannerstill,Adah Watsica,Director
422,40,Samara Champlin,Kaylin Trantow,Director
423,140,Oswaldo Douglas,Chandler Kemmer,Actress
424,165,Nikita Rath,Nyah Yundt,Screenwriter
425,22,Nellie Kunze,Nelle Jerde,Actress
426,85,Monserrate Botsford,Monserrat Koch,Production Designer
427,145,Wilmer Will,Sheldon Welch,Actress
428,128,Pascale Heller,Weston Rolfson,Producer
429,194,Laverna Mertz,Judd Stanton,Production Designer
430,118,Molly Schimmel,Darron Ruecker,Music Composer
431,198,Demond Shields,Malvina Medhurst,Actress
432,142,Mercedes Kozey,Jaden Nitzsche,Screenwriter
433,109,Karolann Watsica,Lincoln Bruen,Actress
434,175,Jalon Hayes,Delilah Daugherty,Music Composer
435,148,Lamont Corwin,Coleman Schroeder,Actress
436,33,Alexanne Homenick,John Collins,Producer
437,141,Jay Douglas,Lambert Olson,Screenwriter
438,126,Isabel Ullrich,Orion O'Hara,Director
439,131,Mose Tillman,Emmett Okuneva,Production Designer
440,40,Manley Walker,Bridgette Crooks,Music Composer
441,133,Joannie Ullrich,Herbert Hand,Cinematographer
442,200,Carlos Hartmann,Ludwig Kreiger,Screenwriter
443,2,Jeanie Erdman,Jeramie Robel,Production Designer
444,165,Ayla Barrows,Isaac Hirthe,Actress
445,82,Blaze Stiedemann,Rafael Olson,Director
446,27,Weston Lebsack,Gage Hane,Music Composer
447,13,Duane Swift,Isac Klein,Actor
448,140,Carleton Kessler,Brennan Corwin,Actress
449,25,Abigale Leffler,Yvonne Kunde,Production Designer
450,82,Adrian Mills,Corene Becker,Film Editor
451,29,Dario Volkman,Justyn Daugherty,Director
452,194,Demarcus Fadel,Eveline Brekke,Cinematographer
453,77,Jerod Maggio,Shanie Hickle,Screenwriter
454,141,Floy Brakus,Joanie Collins,Cinematographer
455,168,Beverly DuBuque,Rosalee Spinka,Actress
456,53,Danika Bergstrom,Wyman Barrows,Film Editor
457,198,Vincenza Kuhn,Lucinda Carroll,Screenwriter
458,82,Brittany Beahan,Liza D'Amore,Screenwriter
459,180,Shawna Ritchie,Carmella Fisher,Costume Designer
460,52,Margaret Champlin,Gunnar White,Production Designer
461,8,Elton Terry,Richmond Kessler,Producer
462,50,Brooklyn Steuber,Imelda Kshlerin,Costume Designer
463,17,Monique Erdman,Milton Graham,Film Editor
464,58,Cindy Vandervort,Camille Conroy,Costume Designer
465,9,Tiara Kilback,Landen Kemmer,Producer
466,143,Phyllis Weissnat,Gonzalo Gusikowski,Screenwriter
467,173,Lucy Schowalter,Cecelia Kutch,Screenwriter
468,76,Benjamin Altenwerth,Nya Koelpin,Production Designer
469,110,Eusebio Zulauf,Myles Wisoky,Screenwriter
470,100,Juvenal Considine,Deangelo Hilpert,Film Editor
471,144,Charlotte Wintheiser,Hollis Kuvalis,Producer
472,157,Bernadette Koelpin,Chris Wisozk,Screenwriter
473,121,Frieda Renner,Lloyd Johnston,Screenwriter
474,107,Natalia Braun,Velma Wiegand,Film Editor
475,122,Isadore Ernser,Giovanni Muller,Music Composer
476,97,Janae Beer,Allison Bruen,Screenwriter
477,69,Guadalupe Morar,Belle Kertzmann,Actress
478,142,Ines Kertzmann,Clay Emmerich,Director
479,162,Helena Nitzsche,Anastasia Brakus,Film Editor
480,9,Presley VonRueden,Augusta Bode,Cinematographer
481,97,Elise Thiel,Ari Morar,Costume Designer
482,162,Asa Beier,Johnson Kub,Film Editor
483,52,Darby Russel,Abraham Block,Costume Designer
484,43,Trisha Stiedemann,Javon Ratke,Costume Designer
485,35,Emmalee Stoltenberg,Caleb Miller,Costume Designer
486,58,Meredith Murphy,Eldora Durgan,Actress
487,165,Olin Goodwin,Orlando Kris,Director
488,56,Deanna Vandervort,Lula Kunde,Actress
489,94,Rebecca Stamm,Violette Hoppe,Cinematographer
490,53,Earlene Bradtke,Virginia Windler,Film Editor
491,135,Makenna Marvin,Rudy Lubowitz,Actor
492,184,Rashad Towne,Lurline Rohan,Music Composer
493,43,Blaise Rowe,Josiah Pouros,Actor
494,141,Ned Donnelly,Juanita Sanford,Cinematographer
495,4,Amya Connelly,Otha Smitham,Film Editor
496,128,Spencer Bailey,Jamaal Torphy,Costume Designer
497,146,Kaleb Von,Jacey Lueilwitz,Actor
498,75,Jayme Stoltenberg,Elias Hudson,Actress
499,143,Belle Schmitt,Minnie McGlynn,Screenwriter
500,41,Eulah Mertz,Margaretta Bins,Production Designer
501,8,Vidal Fritsch,Jannie Deckow,Director
502,64,Bertha O'Hara,Lionel Altenwerth,Actress
503,159,Wendell Morissette,Myah Kub,Screenwriter
504,154,Santiago Lang,Rachael Barton,Actor
505,90,Coleman Kutch,Gina Bailey,Screenwriter
506,73,Tatyana Padberg,Terrence Windler,Film Editor
507,103,Leslie Ritchie,Vada Sawayn,Actor
508,187,Jaron Nikolaus,Bernadette Quitzon,Film Editor
509,14,Ashlynn Franecki,Perry Funk,Director
510,38,Frieda Schowalter,Gonzalo Sawayn,Actress
511,69,Carmella Dicki,Ferne Kihn,Actor
512,195,Jordyn Schoen,Brice Wisoky,Costume Designer
513,52,Yazmin Carroll,Merl Huel,Director
514,103,Holden Krajcik,Aurore Davis,Music Composer
515,149,Ruthe Bartoletti,Jon Nicolas,Music Composer
516,195,Sydni Green,Berta Gottlieb,Music Composer
517,98,Ola Baumbach,Miguel Davis,Screenwriter
518,27,Mckenzie Douglas,Kaleb Murray,Screenwriter
519,196,Edwin Beer,Zella Douglas,Music Composer
520,122,Betsy Hilpert,Alexis Legros,Producer
521,137,Jake Skiles,Erika Walter,Producer
522,164,Franco Douglas,Oswald Bins,Production Designer
523,20,Alexzander Walsh,Addison Mertz,Actress
524,15,Brisa Barrows,Brooke Veum,Costume Designer
525,183,Holden Hilll,Judah Rogahn,Actor
526,63,Gwendolyn McKenzie,Kurt Upton,Director
527,1,Tara Boyer,Leonel Balistreri,Director
528,106,Terrill Stoltenberg,Blanche Witting,Director
529,24,Elias Jones,Berry Will,Music Composer
530,107,Jadon O'Hara,Lauriane Reynolds,Production Designer
531,143,Hadley Turcotte,Raven Crist,Production Designer
532,141,Billie Weber,Oscar Wuckert,Actor
533,2,Loyce Emard,Dorothea Tromp,Director
534,159,Dillon Harvey,Roma Baumbach,Producer
535,189,Jakob Smitham,Mortimer Hamill,Director
536,184,Flavie Towne,Gregg Schulist,Actor
537,179,Oma Parker,Foster Kling,Production Designer
538,13,Giovanny Spencer,Barton Treutel,Production Designer
539,11,Thaddeus Schamberger,Eugene Lakin,Music Composer
540,71,Tod Fay,Zander Klocko,Music Composer
541,2,Morgan Von,Wilson Brakus,Costume Designer
542,84,Pearline Reinger,Sterling Skiles,Actor
543,162,Melody Maggio,Leanna Prohaska,Actress
544,119,Selena Heaney,Eileen Gerhold,Actress
545,119,Vern Emmerich,Odie Rippin,Cinematographer
546,123,Ophelia Hayes,Craig Gottlieb,Film Editor
547,159,Oran Zieme,Rasheed Olson,Music Composer
548,24,Ulices Cormier,Abbigail Mueller,Film Editor
549,13,Kaylin Nikolaus,Nicole Rowe,Actor
550,85,Darrel MacGyver,Monserrate Abernathy,Producer
551,158,Velda Heller,Johan Considine,Producer
552,200,Charley Von,Sienna Conroy,Screenwriter
553,110,Adonis Abernathy,Joey Kiehn,Actor
554,86,Otha Koss,Boris McLaughlin,Actress
555,68,Emil Renner,Kaden Barton,Screenwriter
556,52,Kristopher Cummings,Eileen Kshlerin,Producer
557,56,Kyleigh Stroman,Jamil Wunsch,Costume Designer
558,43,Eudora Reynolds,Ryann Schinner,Actress
559,184,Stevie Gottlieb,Darius Murphy,Production Designer
560,45,Norbert Trantow,Monte Johnston,Costume Designer
561,166,Jerald Turcotte,Lea Ledner,Cinematographer
562,182,Zechariah Reinger,Nedra Bode,Screenwriter
563,154,Jordi Ebert,Allie Sanford,Actor
564,98,Eldora Dickinson,Norbert Rogahn,Film Editor
565,140,Antwon Haag,Francisco Kovacek,Production Designer
566,150,Braeden Heathcote,Khalid Zboncak,Actress
567,17,Lonzo Ryan,Edmond MacGyver,Film Editor
568,130,Casper Moore,Graham Schimmel,Costume Designer
569,41,Roslyn Prohaska,Derek Jenkins,Costume Designer
570,158,Norberto Stroman,Lacy Mraz,Film Editor
571,14,Kyla Gutkowski,Delpha Ward,Producer
572,93,Ruben Johnston,Freeman Marvin,Costume Designer
573,1,Celine Kassulke,Alexane Abernathy,Production Designer
574,124,Maybelle White,Wanda Zboncak,Production Designer
575,119,Claudie Quitzon,Dominique Strosin,Producer
576,70,Vicenta Crooks,Myra Brekke,Producer
577,6,Karson Jenkins,Madisen Bradtke,Actress
578,188,Christian Mante,Kristopher Abshire,Actress
579,107,Dee Howe,Matilda Cruickshank,Actor
580,48,Noe Roob,Makayla Davis,Producer
581,142,June O'Conner,Luna Ward,Costume Designer
582,135,Agustin Treutel,Kendall Abshire,Director
583,107,Mercedes Hessel,Mckayla Hessel,Actress
584,96,Gennaro Cruickshank,Darion Becker,Director
585,114,Loyal Rowe,Guy Kshlerin,Producer
586,126,Annabell Frami,Leda Reichert,Producer
587,32,Marie Ernser,Kaleigh Weimann,Film Editor
588,146,Cristopher Daniel,Chance Beahan,Actress
589,153,Hayden Oberbrunner,Marguerite Kozey,Actor
590,78,Casandra Maggio,Jacynthe Funk,Production Designer
591,167,Thaddeus Rohan,Jeanette Schmeler,Producer
592,2,Nikko Schultz,Della Gottlieb,Producer
593,156,Leda Lindgren,Waylon Flatley,Screenwriter
594,165,Aylin Mohr,Bailee Schoen,Film Editor
595,87,Retta Reinger,Sean Pacocha,Cinematographer
596,160,Shad Raynor,Mitchel Walker,Actress
597,89,Cloyd Brown,Herbert Dare,Cinematographer
598,113,Erica Klocko,Trinity Macejkovic,Costume Designer
599,167,Guiseppe Cummerata,Orland Ondricka,Film Editor
600,49,Niko Kutch,Freeman Zieme,Director
601,58,Jaime Ondricka,Shaylee Borer,Music Composer
602,155,Saul Kuhic,Lyric Schiller,Screenwriter
603,76,Elda Kerluke,Natalie Wuckert,Production Designer
604,98,Aaliyah Keeling,Alphonso Barton,Director
605,175,Delphine Terry,Rosemary McGlynn,Costume Designer
606,106,Gaetano Dach,Dell Howe,Actress
607,183,Mervin Osinski,Alice Stroman,Production Designer
608,117,Jalon Cruickshank,Arnold Olson,Actress
609,193,Mariane Bashirian,Mary Wisozk,Production Designer
610,68,Allan Blick,Bertrand Hand,Production Designer
611,31,Casimer Boehm,Earl Turcotte,Music Composer
612,186,Troy Schneider,Kaleb Trantow,Director
613,162,Alisha Streich,Catalina Shanahan,Film Editor
614,13,Estel D'Amore,Aliza Ziemann,Director
615,199,Ettie Schiller,Christelle Herzog,Production Designer
616,197,Summer Kreiger,Wilson Crist,Film Editor
617,28,Nicholaus Gorczany,Elmo Nienow,Actor
618,80,Addison Cruickshank,Wanda Upton,Film Editor
619,58,Nellie Adams,Zackary Turner,Director
620,10,Cleve Bauch,Candice Conn,Music Composer
621,166,Jaime Dach,Melvin Barrows,Director
622,84,Wilber Kreiger,Lisandro Gulgowski,Actor
623,25,Elyse Brakus,Kaden Morissette,Producer
624,155,Laurie Ward,Hardy Collins,Actress
625,130,Norbert Dibbert,Carlo Gusikowski,Actress
626,157,Clark Heathcote,Trey Thompson,Actor
627,59,Benjamin Torphy,Peter Hoeger,Director
628,72,Linwood Hodkiewicz,Sydnee Lehner,Screenwriter
629,191,Macie Schuster,Verla Luettgen,Producer
630,95,Jazmyne Hudson,Henry Shanahan,Actor
631,60,Lessie Spinka,Flavie Bruen,Production Designer
632,79,Mauricio Jacobson,Darien Gleason,Costume Designer
633,4,Paul Jacobson,Hailie Schneider,Production Designer
634,194,Monica Leannon,Stan Hegmann,Director
635,21,Louie Kerluke,Cristina Harber,Cinematographer
636,140,Angie Witting,Selina Veum,Music Composer
637,144,Myriam Lindgren,Kiarra Rutherford,Actor
638,30,Alek O'Kon,Grayce Schumm,Screenwriter
639,30,Mateo Nienow,Mina Gleason,Cinematographer
640,29,Creola Shanahan,George Kshlerin,Actor
641,137,Nelson Swift,Mylene Armstrong,Screenwriter
642,155,Casey Rempel,Clifford Muller,Producer
643,156,Eddie McKenzie,Brandy Schiller,Film Editor
644,63,Maximillia Schimmel,Electa Koss,Actress
645,192,Leonardo Zulauf,Izaiah Cremin,Actress
646,26,Lorna Fadel,Jedidiah Cole,Director
647,27,Ruth Beahan,Michel Legros,Producer
648,131,Zelma Schmitt,Nathanial Koepp,Music Composer
649,112,Loyce Dach,Lue Yundt,Actor
650,36,Sven Fay,Clemens Halvorson,Production Designer
651,108,Nicola Reynolds,Blake Dach,Film Editor
652,154,Noah Weber,Vito Murazik,Actress
653,154,Dexter Ortiz,Mervin Hills,Costume Designer
654,147,Korbin Jacobs,Audie Paucek,Music Composer
655,155,Foster Cole,Jayce Schneider,Producer
656,182,Yesenia Mraz,Cheyanne Wisoky,Music Composer
657,153,Myra Cole,Louie Howe,Producer
658,98,Precious Blanda,Danielle Padberg,Production Designer
659,106,Hilbert Kautzer,Diamond Stoltenberg,Screenwriter
660,28,Alejandra Heathcote,Julian O'Connell,Music Composer
661,154,Wanda Hickle,Jaclyn Kautzer,Actor
662,184,Shemar Hyatt,Dominic Kuhic,Actor
663,179,Elmira Gusikowski,Carole Aufderhar,Actor
664,52,Talia Gutmann,Jaqueline Walsh,Screenwriter
665,157,Shyanne Stark,Katlynn Schroeder,Screenwriter
666,176,Amparo McClure,Marc Abbott,Cinematographer
667,160,Elna Crooks,Everardo Collier,Producer
668,200,Howell Hayes,Ericka Herman,Producer
669,115,Danial Kunze,Jess Klocko,Production Designer
670,144,Amira Ledner,Jayme Stiedemann,Director
671,74,Reta Gleason,Fernando Olson,Costume Designer
672,45,Damon Dooley,Evelyn Johnston,Production Designer
673,81,Ora Cronin,Kristina Krajcik,Production Designer
674,166,Trever McCullough,Alessandro Larson,Cinematographer
675,47,Kasandra Shanahan,Albertha Gorczany,Costume Designer
676,39,Geo Corkery,Lila Kunze,Screenwriter
677,52,Johnathon Emmerich,Rocky Marvin,Producer
678,189,Sarah Tremblay,Willow Monahan,Actress
679,112,Elmira O'Keefe,Jules Breitenberg,Music Composer
680,125,Don Effertz,Brice Kilback,Production Designer
681,58,Kariane Baumbach,Bria Gottlieb,Actress
682,77,Thea Yost,Amari Price,Film Editor
683,24,Ivory Anderson,Bailee Harvey,Cinematographer
684,7,Samson Murray,Zetta Erdman,Music Composer
685,81,Cody Gottlieb,Deon Lakin,Costume Designer
686,193,Theodore Corwin,Elta Bogan,Production Designer
687,151,Billie Prosacco,Kamille Oberbrunner,Film Editor
688,2,Rico Franecki,Lynn Prosacco,Screenwriter
689,67,Damon Boyle,Cordie Okuneva,Producer
690,42,Helmer Gottlieb,Armando Baumbach,Music Composer
691,29,Leta Halvorson,Erik Franecki,Producer
692,180,Dora O'Conner,Deanna Rempel,Cinematographer
693,38,Urban Tremblay,Judd Cormier,Production Designer
694,30,Jessika Rolfson,Irving Boyer,Director
695,3,Priscilla Turcotte,Raymond McClure,Production Designer
696,186,Jarvis Durgan,Austen Toy,Cinematographer
697,176,Robbie Parisian,Kelly Strosin,Costume Designer
698,173,Terry Borer,Joanie Shields,Costume Designer
699,92,Earl Gottlieb,Rodolfo Jaskolski,Actress
700,27,Alek Stark,Raquel Ullrich,Cinematographer
